"","Cust_id","Age"
"2443",1163,26
"2444",7665,26
"3152",9626,27
"3153",2856,27
"3154",319,27
"3871",5132,28
"3872",10205,28
"3873",7962,28
"3874",1492,28
"3875",2510,28
"3876",3853,28
"3881",1832,28
"4525",139,29
"4526",2681,29
"4527",1523,29
"4528",10306,29
"4529",6900,29
"4530",5163,29
"4531",5556,29
"4532",5326,29
"4533",10148,29
"4536",9829,29
"4537",5476,29
"4539",6216,29
"4541",7049,29
"4542",4078,29
"4545",9057,29
"4645",7942,30
"4646",7340,30
"4647",2430,30
"4648",6642,30
"4649",6626,30
"4650",8164,30
"4651",8064,30
"4652",9430,30
"4653",4182,30
"4654",7870,30
"4655",2988,30
"4656",5698,30
"4657",3412,30
"4658",61,30
"4659",4544,30
"4660",7177,30
"4661",2965,30
"4662",190,30
"4663",3258,30
"4664",5024,30
"4665",9846,30
"4666",542,30
"4667",3636,30
"4668",2384,30
"4669",1946,30
"4670",9380,30
"4671",10532,30
"4672",8778,30
"4673",2586,30
"4674",1640,30
"4676",6346,30
"4677",9980,30
"4678",6027,30
"4762",5876,31
"4763",8065,31
"4764",4562,31
"4765",9836,31
"4766",9526,31
"4767",5596,31
"4768",3572,31
"4769",5532,31
"4770",209,31
"4771",9490,31
"4772",3976,31
"4773",10278,31
"4774",6710,31
"4775",6140,31
"4776",2743,31
"4777",3730,31
"4778",5166,31
"4779",6336,31
"4780",2770,31
"4781",6594,31
"4782",3240,31
"4856",5872,32
"4857",10133,32
"4858",1838,32
"4859",112,32
"4860",7330,32
"4861",9228,32
"4862",1456,32
"4863",1668,32
"4864",4208,32
"4865",9226,32
"4866",8840,32
"4867",8296,32
"4868",7198,32
"4869",3956,32
"4870",10182,32
"4871",3481,32
"4872",8371,32
"4873",1680,32
"4874",4162,32
"4875",3239,32
"4876",1944,32
"4877",4994,32
"4878",4054,32
"4879",2896,32
"4880",2685,32
"4881",7284,32
"4882",10048,32
"4883",7410,32
"4884",10204,32
"4885",1630,32
"4969",5676,33
"4970",8343,33
"4971",5597,33
"4972",10432,33
"4973",2724,33
"4974",10322,33
"4975",6836,33
"4976",7229,33
"4977",8166,33
"4978",4399,33
"4979",3614,33
"4980",1930,33
"4981",98,33
"4982",7675,33
"4983",3208,33
"4984",7542,33
"4985",7362,33
"4986",2388,33
"4987",1932,33
"4988",7984,33
"4989",4918,33
"4990",4262,33
"4991",3077,33
"4992",4033,33
"4993",3220,33
"4994",1516,33
"4995",9602,33
"4996",1151,33
"4997",499,33
"4998",4670,33
"4999",3574,33
"5001",6115,33
"5002",7408,33
"5069",9148,34
"5070",7864,34
"5071",1608,34
"5072",8134,34
"5073",9212,34
"5074",90,34
"5075",1132,34
"5076",3906,34
"5077",10192,34
"5078",7798,34
"5079",4285,34
"5080",2014,34
"5081",5098,34
"5082",2639,34
"5083",6822,34
"5084",9460,34
"5085",2436,34
"5086",541,34
"5087",6868,34
"5088",80,34
"5089",2294,34
"5090",4936,34
"5091",1120,34
"5092",7722,34
"5093",7767,34
"5094",3243,34
"5095",5423,34
"5096",2904,34
"5097",9079,34
"5098",7253,34
"5099",1234,34
"5100",10645,34
"5101",10568,34
"5102",1843,34
"5103",9248,34
"5104",1904,34
"5105",1146,34
"5106",6398,34
"5107",10862,34
"5108",4550,34
"5109",10315,34
"5110",1886,34
"5111",4851,34
"5112",1301,34
"5113",4423,34
"5114",1277,34
"5115",3008,34
"5116",3974,34
"5117",7082,34
"5118",10446,34
"5119",8021,34
"5120",8728,34
"5122",9443,34
"5187",5512,35
"5188",10005,35
"5189",7992,35
"5190",5208,35
"5191",8807,35
"5192",8754,35
"5193",7017,35
"5194",364,35
"5195",9928,35
"5196",144,35
"5197",5696,35
"5198",2282,35
"5199",9872,35
"5200",7438,35
"5201",4714,35
"5202",9730,35
"5203",5488,35
"5204",8832,35
"5205",6067,35
"5206",1622,35
"5207",5868,35
"5208",1586,35
"5209",7550,35
"5210",6100,35
"5211",6242,35
"5212",10163,35
"5213",6410,35
"5214",5193,35
"5215",4108,35
"5216",276,35
"5217",5474,35
"5218",8458,35
"5219",2050,35
"5220",7088,35
"5221",6801,35
"5222",6469,35
"5223",223,35
"5224",1645,35
"5225",1768,35
"5226",4430,35
"5227",6153,35
"5228",7118,35
"5229",1044,35
"5230",9564,35
"5231",6590,35
"5232",3867,35
"5233",731,35
"5234",1384,35
"5235",9270,35
"5236",2012,35
"5237",3510,35
"5238",6290,35
"5239",3536,35
"5240",2638,35
"5241",5144,35
"5242",2444,35
"5243",4836,35
"5244",1186,35
"5245",402,35
"5246",4010,35
"5247",4745,35
"5248",3344,35
"5249",7227,35
"5250",1136,35
"5251",4284,35
"5252",3992,35
"5253",3146,35
"5254",6230,35
"5255",5849,35
"5256",5051,35
"5257",3696,35
"5258",6193,35
"5259",3232,35
"5260",8876,35
"5261",6690,35
"5262",10621,35
"5263",4621,35
"5264",2236,35
"5265",459,35
"5266",3376,35
"5267",6438,35
"5268",6192,35
"5269",3217,35
"5270",3418,35
"5271",8508,35
"5272",3719,35
"5273",3136,35
"5274",7882,35
"5275",3712,35
"5276",2226,35
"5277",8092,35
"5278",7298,35
"5279",3868,35
"5280",4756,35
"5281",10497,35
"5282",4272,35
"5283",8599,35
"5284",7090,35
"5285",9920,35
"5286",4203,35
"5287",5396,35
"5288",5840,35
"5289",5286,35
"5290",7526,35
"5291",10592,35
"5292",4986,35
"5293",8210,35
"5294",2164,35
"5295",4094,35
"5296",918,35
"5297",8276,35
"5298",9525,35
"5299",7842,35
"5300",8263,35
"5301",5376,35
"5302",4266,35
"5303",1038,35
"5304",2395,35
"5305",7931,35
"5306",1990,35
"5307",10498,35
"5308",10157,35
"5309",2918,35
"5310",5037,35
"5311",2125,35
"5312",7851,35
"5313",8819,35
"5314",5040,35
"5315",788,35
"5316",8101,35
"5317",10850,35
"5318",10239,35
"5319",4040,36
"5320",1624,36
"5321",7640,36
"5322",4497,36
"5323",8939,36
"5324",7982,36
"5325",8910,36
"5326",2325,36
"5327",4528,36
"5328",9508,36
"5329",7910,36
"5330",3201,36
"5331",1172,36
"5332",10150,36
"5333",4964,36
"5334",6316,36
"5335",5542,36
"5336",4710,36
"5337",5719,36
"5338",6111,36
"5339",5306,36
"5340",2324,36
"5341",1530,36
"5342",8606,36
"5343",5900,36
"5344",1521,36
"5345",7411,36
"5346",3016,36
"5347",9472,36
"5348",2558,36
"5349",10502,36
"5350",8700,36
"5351",7714,36
"5352",7510,36
"5353",8495,36
"5354",5907,36
"5355",5202,36
"5356",10475,36
"5357",4908,36
"5358",3689,36
"5359",1750,36
"5360",1689,36
"5361",8034,36
"5362",2606,36
"5363",4872,36
"5364",2168,36
"5365",1752,36
"5366",9102,36
"5367",441,36
"5368",4302,36
"5369",29,36
"5370",4130,36
"5371",4429,36
"5372",5882,36
"5373",8310,36
"5374",6533,36
"5375",9089,36
"5376",3755,36
"5377",7671,36
"5378",5614,36
"5379",7505,36
"5380",1531,36
"5381",3329,36
"5382",520,36
"5383",2406,36
"5384",1274,36
"5385",8565,36
"5386",6279,36
"5387",8835,36
"5388",6711,36
"5389",4132,36
"5390",4755,36
"5391",3630,36
"5392",3826,36
"5393",342,36
"5394",6563,36
"5395",1352,36
"5396",5142,36
"5397",2872,36
"5398",9939,36
"5399",1875,36
"5400",4968,36
"5401",4492,36
"5402",8334,36
"5403",1623,36
"5404",9557,36
"5405",5938,36
"5406",4762,36
"5407",5312,36
"5408",781,36
"5409",2220,36
"5410",8352,36
"5411",3716,36
"5412",3066,36
"5413",2305,36
"5414",7514,36
"5415",4192,36
"5416",2367,36
"5417",578,36
"5418",817,36
"5419",7923,36
"5420",4602,36
"5421",7628,36
"5422",10488,36
"5423",9970,36
"5424",5802,36
"5425",10206,36
"5426",10167,36
"5427",8786,36
"5428",3738,36
"5429",10346,36
"5430",5023,36
"5431",10668,36
"5432",5195,36
"5433",4046,36
"5434",9674,36
"5435",10625,36
"5436",10123,36
"5437",5368,36
"5438",10071,37
"5439",1334,37
"5440",10576,37
"5441",4037,37
"5442",1513,37
"5443",2830,37
"5444",8061,37
"5445",6716,37
"5446",5748,37
"5447",7442,37
"5448",7590,37
"5449",8862,37
"5450",6032,37
"5451",8214,37
"5452",7906,37
"5453",9252,37
"5454",8374,37
"5455",4096,37
"5456",2734,37
"5457",9030,37
"5458",10328,37
"5459",8582,37
"5460",8649,37
"5461",8853,37
"5462",4922,37
"5463",7024,37
"5464",4985,37
"5465",3298,37
"5466",2588,37
"5467",170,37
"5468",155,37
"5469",7397,37
"5470",7395,37
"5471",2731,37
"5472",5099,37
"5473",8118,37
"5474",9749,37
"5475",8306,37
"5476",3798,37
"5477",774,37
"5478",8269,37
"5479",7955,37
"5480",232,37
"5481",2842,37
"5482",390,37
"5483",9124,37
"5484",8598,37
"5485",10646,37
"5486",2860,37
"5487",4909,37
"5488",9524,37
"5489",1850,37
"5490",6102,37
"5491",8257,37
"5492",3324,37
"5493",9090,37
"5494",8338,37
"5495",9723,37
"5496",1451,37
"5497",9816,37
"5498",10533,37
"5499",6506,37
"5500",717,37
"5501",464,37
"5502",8344,37
"5503",10746,37
"5504",4154,37
"5505",622,37
"5506",2358,37
"5507",1602,37
"5508",3547,37
"5509",3544,37
"5510",576,37
"5511",10671,37
"5512",10313,37
"5513",8312,37
"5514",8326,37
"5515",2527,37
"5516",1572,37
"5517",2767,37
"5518",3609,37
"5519",3318,37
"5520",7720,37
"5521",1077,37
"5522",10337,37
"5523",7162,37
"5524",8270,37
"5525",6068,37
"5526",2600,37
"5527",3925,37
"5528",7766,37
"5529",970,37
"5530",5996,38
"5531",1618,38
"5532",6156,38
"5533",10318,38
"5534",7232,38
"5535",5065,38
"5536",10311,38
"5537",5271,38
"5538",1394,38
"5539",5148,38
"5540",10361,38
"5541",3348,38
"5542",8548,38
"5543",10608,38
"5544",1688,38
"5545",7790,38
"5546",7150,38
"5547",3500,38
"5548",2887,38
"5549",8706,38
"5550",10039,38
"5551",1465,38
"5552",5655,38
"5553",9213,38
"5554",1986,38
"5555",8446,38
"5556",6918,38
"5557",8692,38
"5558",5935,38
"5559",9839,38
"5560",3593,38
"5561",7023,38
"5562",9598,38
"5563",4117,38
"5564",787,38
"5565",8658,38
"5566",7434,38
"5567",3351,38
"5568",8936,38
"5569",8490,38
"5570",4893,38
"5571",4865,38
"5572",10392,38
"5573",10696,38
"5574",8891,38
"5575",7770,38
"5576",2604,38
"5577",3248,38
"5578",2894,38
"5579",10250,38
"5580",9457,38
"5581",349,38
"5582",1878,38
"5583",2954,38
"5584",7538,38
"5585",8542,38
"5586",56,38
"5587",1420,38
"5588",10504,38
"5589",9119,38
"5590",560,38
"5591",2470,38
"5592",9341,38
"5593",1906,38
"5594",5016,38
"5595",6597,38
"5596",8369,38
"5597",8552,38
"5598",3511,38
"5599",3362,38
"5600",4498,38
"5601",6771,38
"5602",9919,38
"5603",3944,38
"5604",1098,38
"5605",10260,38
"5606",5022,38
"5607",10758,38
"5608",7929,38
"5609",3110,38
"5610",3534,38
"5611",9504,38
"5612",9354,38
"5613",86,38
"5614",5431,38
"5615",2424,38
"5616",4531,38
"5617",5429,38
"5618",5102,38
"5619",4481,38
"5620",6151,38
"5621",7261,38
"5622",283,38
"5623",3132,38
"5624",5582,38
"5625",222,38
"5626",9386,38
"5627",8423,38
"5628",7738,38
"5629",10246,38
"5630",5496,38
"5631",2826,38
"5632",6443,38
"5633",1415,38
"5634",3382,38
"5635",134,38
"5636",2394,38
"5637",7317,38
"5638",9259,38
"5639",796,39
"5640",770,39
"5641",4764,39
"5642",3060,39
"5643",4726,39
"5644",433,39
"5645",6553,39
"5646",2158,39
"5647",6447,39
"5648",2700,39
"5649",8240,39
"5650",6030,39
"5651",9418,39
"5652",3036,39
"5653",4513,39
"5654",4978,39
"5655",6588,39
"5656",2376,39
"5657",8187,39
"5658",4408,39
"5659",6134,39
"5660",10208,39
"5661",5276,39
"5662",4465,39
"5663",626,39
"5664",4099,39
"5665",9890,39
"5666",10725,39
"5667",2820,39
"5668",4876,39
"5669",2285,39
"5670",225,39
"5671",1920,39
"5672",10174,39
"5673",3046,39
"5674",665,39
"5675",6724,39
"5676",9767,39
"5677",8362,39
"5678",8760,39
"5679",2278,39
"5680",1386,39
"5681",9216,39
"5682",6086,39
"5683",6052,39
"5684",786,39
"5685",6938,39
"5686",4648,39
"5687",6990,39
"5688",10158,39
"5689",7268,39
"5690",258,39
"5691",9528,39
"5692",3041,39
"5693",7981,39
"5694",9268,39
"5695",9558,39
"5696",10128,39
"5697",2428,39
"5698",1287,39
"5699",7580,39
"5700",6815,39
"5701",2100,39
"5702",5122,39
"5703",8082,39
"5704",4901,39
"5705",10382,39
"5706",8532,39
"5707",1265,39
"5708",5390,39
"5709",5342,39
"5710",4388,39
"5711",138,39
"5712",8238,39
"5713",10664,39
"5714",3330,39
"5715",3138,39
"5716",3004,39
"5717",7845,39
"5718",9666,39
"5719",2150,39
"5720",5850,39
"5721",6931,39
"5722",358,39
"5723",7180,39
"5724",2286,39
"5725",6481,39
"5726",16,39
"5727",4048,39
"5728",2144,39
"5729",6596,39
"5730",1844,39
"5731",9104,39
"5732",8242,39
"5733",6659,39
"5734",7477,39
"5735",5220,39
"5736",6920,39
"5737",7646,39
"5738",2065,39
"5739",8844,39
"5740",3994,39
"5741",7437,39
"5742",3183,39
"5743",174,39
"5744",246,39
"5745",710,39
"5746",3124,39
"5747",8814,39
"5748",8528,40
"5749",8256,40
"5750",9927,40
"5751",1686,40
"5752",6646,40
"5753",4634,40
"5754",8586,40
"5755",2595,40
"5756",3508,40
"5757",7336,40
"5758",2375,40
"5759",5921,40
"5760",3346,40
"5761",6917,40
"5762",1885,40
"5763",8041,40
"5764",9180,40
"5765",6136,40
"5766",7433,40
"5767",6755,40
"5768",6399,40
"5769",6600,40
"5770",8364,40
"5771",7605,40
"5772",8045,40
"5773",4578,40
"5774",10355,40
"5775",6522,40
"5776",4240,40
"5777",2135,40
"5778",5110,40
"5779",715,40
"5780",2683,40
"5781",7142,40
"5782",1996,40
"5783",5862,40
"5784",7348,40
"5785",7010,40
"5786",4708,40
"5787",10352,40
"5788",7465,40
"5789",6468,40
"5790",5976,40
"5791",592,40
"5792",675,40
"5793",1037,40
"5794",1868,40
"5795",6119,40
"5796",346,40
"5797",7676,40
"5798",4892,40
"5799",6746,40
"5800",9789,40
"5801",5800,40
"5802",2539,40
"5803",7202,40
"5804",930,40
"5805",9843,40
"5806",8950,40
"5807",8555,40
"5808",7498,40
"5809",5502,40
"5810",9719,40
"5811",760,40
"5812",638,40
"5813",1827,40
"5814",768,40
"5815",7594,40
"5816",7016,40
"5817",7102,40
"5818",2099,40
"5819",5814,40
"5820",9289,40
"5821",2170,40
"5822",121,40
"5823",10422,40
"5824",5972,40
"5825",10203,40
"5826",966,40
"5827",3158,40
"5828",10369,40
"5829",10406,40
"5830",422,40
"5831",4874,40
"5832",2571,40
"5833",10267,40
"5834",3054,40
"5835",1762,40
"5836",4798,40
"5837",5973,40
"5838",720,40
"5839",9670,40
"5840",8013,40
"5841",8914,40
"5842",1433,40
"5843",2566,40
"5844",6778,40
"5845",7746,40
"5846",8001,41
"5847",2779,41
"5848",6236,41
"5849",9936,41
"5850",9326,41
"5851",1295,41
"5852",6864,41
"5853",10630,41
"5854",6748,41
"5855",1154,41
"5856",2202,41
"5857",9128,41
"5858",6630,41
"5859",1698,41
"5860",9378,41
"5861",1028,41
"5862",7525,41
"5863",7896,41
"5864",7430,41
"5865",3854,41
"5866",10763,41
"5867",2650,41
"5868",1413,41
"5869",1076,41
"5870",7300,41
"5871",558,41
"5872",8498,41
"5873",8401,41
"5874",2551,41
"5875",9070,41
"5876",9098,41
"5877",6368,41
"5878",2234,41
"5879",5643,41
"5880",8058,41
"5881",1198,41
"5882",256,41
"5883",5152,41
"5884",7735,41
"5885",10016,41
"5886",10673,41
"5887",6916,41
"5888",6704,41
"5889",9309,41
"5890",6882,41
"5891",1376,41
"5892",4212,41
"5893",2258,41
"5894",9918,41
"5895",2952,41
"5896",4725,41
"5897",7731,41
"5898",2956,41
"5899",10712,41
"5900",1074,41
"5901",1271,41
"5902",8618,41
"5903",10714,41
"5904",9621,41
"5905",7466,41
"5906",3917,41
"5907",7072,41
"5908",8815,41
"5909",9052,41
"5910",7803,41
"5911",6202,41
"5912",7724,41
"5913",10110,41
"5914",3182,41
"5915",9745,41
"5916",3911,41
"5917",7458,41
"5918",3005,41
"5919",8688,41
"5920",8394,41
"5921",4460,41
"5922",572,41
"5923",2678,41
"5924",2088,41
"5925",9349,41
"5926",6091,41
"5927",7470,41
"5928",6118,41
"5929",4340,41
"5930",2672,41
"5931",8224,41
"5932",6529,41
"5933",10014,41
"5934",7379,41
"5935",1350,41
"5936",9170,41
"5937",6470,41
"5938",5610,41
"5939",7484,41
"5940",4842,41
"5941",3456,41
"5942",6395,41
"5943",5666,41
"5944",2338,41
"5945",3122,41
"5946",7666,41
"5947",5141,41
"5948",1474,41
"5949",1538,41
"5950",4050,41
"5951",8686,41
"5952",736,41
"5953",3542,41
"5954",734,41
"5955",5360,41
"5956",6040,41
"5957",2804,41
"5958",2951,41
"5959",7611,41
"5960",4330,41
"5961",8366,41
"5962",1201,41
"5963",4487,41
"5964",10517,41
"5965",6572,41
"5966",4118,41
"5967",8454,41
"5968",5247,41
"5969",2452,42
"5970",4418,42
"5971",639,42
"5972",8125,42
"5973",5296,42
"5974",119,42
"5975",3312,42
"5976",9648,42
"5977",9986,42
"5978",8104,42
"5979",5836,42
"5980",6698,42
"5981",2702,42
"5982",10213,42
"5983",8502,42
"5984",7103,42
"5985",6096,42
"5986",10486,42
"5987",5683,42
"5988",7287,42
"5989",10054,42
"5990",7854,42
"5991",9892,42
"5992",8173,42
"5993",2980,42
"5994",10821,42
"5995",1156,42
"5996",176,42
"5997",5214,42
"5998",2006,42
"5999",685,42
"6000",4062,42
"6001",8444,42
"6002",9415,42
"6003",4722,42
"6004",594,42
"6005",1884,42
"6006",3117,42
"6007",1410,42
"6008",2314,42
"6009",6286,42
"6010",5858,42
"6011",9462,42
"6012",6050,42
"6013",8791,42
"6014",9658,42
"6015",1952,42
"6016",4268,42
"6017",9638,42
"6018",7858,42
"6019",9582,42
"6020",9642,42
"6021",3985,42
"6022",9155,42
"6023",6772,42
"6024",4662,42
"6025",1782,42
"6026",6784,42
"6027",7302,42
"6028",8000,42
"6029",2298,42
"6030",9463,42
"6031",1900,42
"6032",7435,42
"6033",6819,42
"6034",1726,42
"6035",2460,42
"6036",4926,42
"6037",114,42
"6038",7165,42
"6039",6676,42
"6040",7092,42
"6041",3022,42
"6042",757,42
"6043",3704,42
"6044",6190,42
"6045",4823,42
"6046",2570,42
"6047",9143,42
"6048",3711,42
"6049",9122,42
"6050",9160,42
"6051",2553,42
"6052",2060,42
"6053",7811,42
"6054",2544,42
"6055",9998,42
"6056",3118,42
"6057",3887,42
"6058",8507,42
"6059",3282,42
"6060",10091,42
"6061",2914,42
"6062",9841,42
"6063",5936,42
"6064",8360,42
"6065",5629,42
"6066",6168,42
"6067",9593,42
"6068",5233,42
"6069",2306,42
"6070",1072,42
"6071",1845,42
"6072",5514,42
"6073",1741,42
"6074",6768,42
"6075",9753,42
"6076",9372,42
"6077",1448,42
"6078",3663,43
"6079",5365,43
"6080",6789,43
"6081",6758,43
"6082",2967,43
"6083",9412,43
"6084",9402,43
"6085",8025,43
"6086",7158,43
"6087",4854,43
"6088",3764,43
"6089",9954,43
"6090",4205,43
"6091",9515,43
"6092",798,43
"6093",10057,43
"6094",7898,43
"6095",8060,43
"6096",8931,43
"6097",5196,43
"6098",6948,43
"6099",7145,43
"6100",750,43
"6101",9359,43
"6102",8904,43
"6103",7206,43
"6104",10629,43
"6105",2738,43
"6106",5327,43
"6107",9774,43
"6108",6278,43
"6109",4398,43
"6110",10837,43
"6111",2844,43
"6112",1520,43
"6113",10814,43
"6114",7285,43
"6115",96,43
"6116",4243,43
"6117",6810,43
"6118",4145,43
"6119",8140,43
"6120",6297,43
"6121",1218,43
"6122",10530,43
"6123",2543,43
"6124",2374,43
"6125",8200,43
"6126",210,43
"6127",4036,43
"6128",9202,43
"6129",3287,43
"6130",10600,43
"6131",7280,43
"6132",591,43
"6133",7472,43
"6134",1543,43
"6135",819,43
"6136",7684,43
"6137",236,43
"6138",3626,43
"6139",7820,43
"6140",2740,43
"6141",7259,43
"6142",6739,43
"6143",363,43
"6144",6550,43
"6145",9766,43
"6146",7814,43
"6147",9364,43
"6148",5419,43
"6149",1518,43
"6150",3999,43
"6151",8002,43
"6152",7503,43
"6153",1554,43
"6154",5841,43
"6155",6128,43
"6156",9513,43
"6157",2026,43
"6158",7360,43
"6159",3400,43
"6160",9473,43
"6161",4567,43
"6162",3670,43
"6163",9566,43
"6164",1632,43
"6165",3901,43
"6166",1738,43
"6167",4635,43
"6168",7276,43
"6169",3006,43
"6170",10066,43
"6171",2498,43
"6172",6401,43
"6173",9873,43
"6174",10240,43
"6175",6364,43
"6176",7152,43
"6177",6780,43
"6178",2509,43
"6179",7880,43
"6180",8043,43
"6181",9933,43
"6182",1548,43
"6183",7363,43
"6184",2152,43
"6185",3591,44
"6186",1847,44
"6187",1770,44
"6188",6094,44
"6189",1728,44
"6190",2076,44
"6191",1052,44
"6192",10528,44
"6193",2345,44
"6194",1048,44
"6195",3431,44
"6196",1609,44
"6197",10546,44
"6198",7973,44
"6199",7060,44
"6200",1306,44
"6201",7952,44
"6202",8671,44
"6203",2934,44
"6204",1651,44
"6205",10002,44
"6206",6524,44
"6207",197,44
"6208",4988,44
"6209",7922,44
"6210",10833,44
"6211",2526,44
"6212",5843,44
"6213",8294,44
"6214",950,44
"6215",7134,44
"6216",8220,44
"6217",7282,44
"6218",1856,44
"6219",1280,44
"6220",5890,44
"6221",10101,44
"6222",7871,44
"6223",6480,44
"6224",8715,44
"6225",9437,44
"6226",4669,44
"6227",10686,44
"6228",10200,44
"6229",2886,44
"6230",9056,44
"6231",9660,44
"6232",3352,44
"6233",8784,44
"6234",1740,44
"6235",182,44
"6236",9320,44
"6237",8028,44
"6238",3506,44
"6239",9398,44
"6240",4468,44
"6241",961,44
"6242",5308,44
"6243",1893,44
"6244",8895,44
"6245",3818,44
"6246",4769,44
"6247",7354,44
"6248",5270,44
"6249",1485,44
"6250",8019,44
"6251",9280,44
"6252",3335,44
"6253",8493,44
"6254",4370,44
"6255",6870,44
"6256",1000,44
"6257",5104,44
"6258",6902,44
"6259",953,44
"6260",10444,44
"6261",10261,44
"6262",5397,44
"6263",498,44
"6264",4606,44
"6265",1804,44
"6266",10768,44
"6267",2938,44
"6268",7070,44
"6269",7364,44
"6270",10520,44
"6271",8212,44
"6272",7668,44
"6273",4572,44
"6274",10092,44
"6275",9438,44
"6276",9844,44
"6277",936,44
"6278",2538,44
"6279",8098,44
"6280",1412,44
"6281",8108,44
"6282",955,44
"6283",10354,44
"6284",3698,44
"6285",2079,44
"6286",9081,44
"6287",3590,44
"6288",4098,45
"6289",2016,45
"6290",9486,45
"6291",9038,45
"6292",5172,45
"6293",9450,45
"6294",6914,45
"6295",4928,45
"6296",9300,45
"6297",200,45
"6298",1891,45
"6299",3618,45
"6300",9728,45
"6301",5615,45
"6302",5508,45
"6303",5605,45
"6304",8588,45
"6305",9194,45
"6306",7068,45
"6307",3930,45
"6308",4650,45
"6309",4416,45
"6310",8180,45
"6311",4690,45
"6312",9994,45
"6313",6318,45
"6314",10348,45
"6315",7794,45
"6316",2657,45
"6317",9550,45
"6318",3250,45
"6319",9604,45
"6320",552,45
"6321",2602,45
"6322",7098,45
"6323",4729,45
"6324",876,45
"6325",3624,45
"6326",6718,45
"6327",10653,45
"6328",10398,45
"6329",6498,45
"6330",2095,45
"6331",8595,45
"6332",9492,45
"6333",3752,45
"6334",3439,45
"6335",2433,45
"6336",301,45
"6337",4674,45
"6338",5356,45
"6339",10682,45
"6340",6058,45
"6341",5069,45
"6342",2530,45
"6343",6638,45
"6344",7554,45
"6345",8505,45
"6346",2737,45
"6347",6267,45
"6348",992,45
"6349",832,45
"6350",3952,45
"6351",6472,45
"6352",4958,45
"6353",2819,45
"6354",6496,45
"6355",3556,45
"6356",532,45
"6357",6720,45
"6358",1344,45
"6359",4900,45
"6360",7730,45
"6361",4530,45
"6362",9350,45
"6363",1475,45
"6364",5353,45
"6365",4610,45
"6366",3916,45
"6367",10445,45
"6368",6644,45
"6369",6731,45
"6370",9792,45
"6371",6332,45
"6372",5644,45
"6373",4020,45
"6374",10749,45
"6375",7237,45
"6376",5750,45
"6377",6660,45
"6378",5398,45
"6379",9520,45
"6380",3314,45
"6381",5362,45
"6382",10100,45
"6383",6270,45
"6384",3882,45
"6385",10224,45
"6386",6684,45
"6387",1540,45
"6388",408,45
"6389",9096,45
"6390",9094,45
"6391",9909,45
"6392",2066,45
"6393",1042,45
"6394",9482,45
"6395",5867,45
"6396",3432,45
"6397",5930,45
"6398",311,45
"6399",3463,45
"6400",2413,45
"6401",5668,45
"6402",1685,45
"6403",1059,45
"6404",3332,45
"6405",4052,45
"6406",1212,45
"6407",2422,45
"6408",3442,46
"6409",658,46
"6410",5895,46
"6411",4128,46
"6412",5499,46
"6413",8466,46
"6414",5764,46
"6415",10236,46
"6416",4012,46
"6417",8860,46
"6418",339,46
"6419",2717,46
"6420",6464,46
"6421",10531,46
"6422",3763,46
"6423",8984,46
"6424",10732,46
"6425",9625,46
"6426",5056,46
"6427",10360,46
"6428",1573,46
"6429",10574,46
"6430",6413,46
"6431",78,46
"6432",2528,46
"6433",10402,46
"6434",4801,46
"6435",1979,46
"6436",6892,46
"6437",5822,46
"6438",1511,46
"6439",2788,46
"6440",10490,46
"6441",1559,46
"6442",2923,46
"6443",9898,46
"6444",3493,46
"6445",5980,46
"6446",6752,46
"6447",59,46
"6448",6613,46
"6449",1742,46
"6450",5181,46
"6451",2975,46
"6452",4073,46
"6453",5203,46
"6454",6769,46
"6455",2592,46
"6456",6026,46
"6457",8573,46
"6458",7940,46
"6459",624,46
"6460",6782,46
"6461",231,46
"6462",9594,46
"6463",3278,46
"6464",4450,46
"6465",10044,46
"6466",654,46
"6467",4100,46
"6468",1842,46
"6469",10394,46
"6470",4424,46
"6471",6682,46
"6472",6148,46
"6473",5520,46
"6474",4932,46
"6475",10496,46
"6476",316,46
"6477",3904,46
"6478",6277,46
"6479",8496,46
"6480",9542,46
"6481",8834,46
"6482",10018,46
"6483",6280,46
"6484",10277,46
"6485",7949,46
"6486",8866,46
"6487",3519,46
"6488",7862,46
"6489",7170,46
"6490",2184,46
"6491",10364,46
"6492",8390,46
"6493",3589,46
"6494",7682,46
"6495",3161,46
"6496",5131,46
"6497",9232,46
"6498",3265,46
"6499",3514,46
"6500",10564,46
"6501",7564,46
"6502",2147,46
"6503",6542,46
"6504",7732,46
"6505",4824,46
"6506",6661,46
"6507",7621,46
"6508",10107,46
"6509",5788,46
"6510",5779,46
"6511",2765,46
"6512",4427,46
"6513",6803,46
"6514",6947,46
"6515",2561,46
"6516",9706,46
"6517",4045,46
"6518",2697,46
"6519",7238,46
"6520",4095,46
"6521",6943,46
"6522",5812,46
"6523",1050,46
"6524",474,46
"6525",10013,46
"6526",8856,46
"6527",1184,47
"6528",2982,47
"6529",2745,47
"6530",5622,47
"6531",2836,47
"6532",7902,47
"6533",4817,47
"6534",2080,47
"6535",3168,47
"6536",10487,47
"6537",4156,47
"6538",10742,47
"6539",4074,47
"6540",1310,47
"6541",910,47
"6542",5621,47
"6543",4765,47
"6544",9368,47
"6545",1054,47
"6546",8330,47
"6547",7829,47
"6548",8933,47
"6549",395,47
"6550",9327,47
"6551",2562,47
"6552",2009,47
"6553",4244,47
"6554",8770,47
"6555",1759,47
"6556",5700,47
"6557",8830,47
"6558",9332,47
"6559",6827,47
"6560",3726,47
"6561",704,47
"6562",2878,47
"6563",2020,47
"6564",3622,47
"6565",9505,47
"6566",9235,47
"6567",5827,47
"6568",3809,47
"6569",5458,47
"6570",2149,47
"6571",6484,47
"6572",4454,47
"6573",3648,47
"6574",3098,47
"6575",3903,47
"6576",4316,47
"6577",6327,47
"6578",3011,47
"6579",6678,47
"6580",7226,47
"6581",8644,47
"6582",1250,47
"6583",5529,47
"6584",9744,47
"6585",2921,47
"6586",5382,47
"6587",10426,47
"6588",7986,47
"6589",784,47
"6590",9414,47
"6591",6307,47
"6592",4520,47
"6593",890,47
"6594",8272,47
"6595",1532,47
"6596",10733,47
"6597",10678,47
"6598",2568,47
"6599",10347,47
"6600",4768,47
"6601",40,47
"6602",10030,47
"6603",1512,47
"6604",9316,47
"6605",7076,47
"6606",2023,47
"6607",10830,47
"6608",8594,47
"6609",7994,47
"6610",620,47
"6611",874,47
"6612",10572,47
"6613",10582,47
"6614",9351,47
"6615",5859,47
"6616",5967,47
"6617",2274,47
"6618",7457,47
"6619",9294,47
"6620",8319,47
"6621",9014,47
"6622",8764,47
"6623",6226,47
"6624",10350,47
"6625",7440,47
"6626",8262,47
"6627",4300,47
"6628",8968,47
"6629",5928,47
"6630",7630,47
"6631",450,47
"6632",404,47
"6633",3876,47
"6634",150,47
"6635",1333,47
"6636",460,47
"6637",10058,47
"6638",2666,47
"6639",1594,47
"6640",9293,47
"6641",1262,47
"6642",1442,47
"6643",270,48
"6644",5951,48
"6645",4196,48
"6646",9046,48
"6647",6888,48
"6648",4624,48
"6649",9851,48
"6650",5392,48
"6651",10543,48
"6652",7231,48
"6653",3483,48
"6654",7265,48
"6655",148,48
"6656",9172,48
"6657",2453,48
"6658",1282,48
"6659",1676,48
"6660",7448,48
"6661",1926,48
"6662",4990,48
"6663",6196,48
"6664",10202,48
"6665",1036,48
"6666",9688,48
"6667",6754,48
"6668",274,48
"6669",8641,48
"6670",8368,48
"6671",228,48
"6672",1797,48
"6673",10230,48
"6674",8190,48
"6675",9444,48
"6676",9708,48
"6677",7320,48
"6678",1452,48
"6679",9074,48
"6680",7184,48
"6681",9623,48
"6682",9201,48
"6683",672,48
"6684",8949,48
"6685",4584,48
"6686",9540,48
"6687",8903,48
"6688",2852,48
"6689",9556,48
"6690",104,48
"6691",2957,48
"6692",9867,48
"6693",9619,48
"6694",5494,48
"6695",9813,48
"6696",8589,48
"6697",9974,48
"6698",3533,48
"6699",8440,48
"6700",2902,48
"6701",9790,48
"6702",1999,48
"6703",5826,48
"6704",1014,48
"6705",1552,48
"6706",8471,48
"6707",2802,48
"6708",240,48
"6709",5613,48
"6710",24,48
"6711",6376,48
"6712",5982,48
"6713",10212,48
"6714",5182,48
"6715",1472,48
"6716",4553,48
"6717",10262,48
"6718",10145,48
"6719",4780,48
"6720",7884,48
"6721",6235,48
"6722",5786,48
"6723",6580,48
"6724",4374,48
"6725",3610,48
"6726",7444,48
"6727",9937,48
"6728",10285,48
"6729",8158,48
"6730",5386,48
"6731",4404,48
"6732",3802,48
"6733",6418,48
"6734",6727,48
"6735",4784,48
"6736",7681,48
"6737",9672,48
"6738",6552,48
"6739",6521,48
"6740",8640,48
"6741",3396,48
"6742",6224,48
"6743",3675,48
"6744",4644,48
"6745",9547,48
"6746",9760,48
"6747",663,48
"6748",9186,48
"6749",9662,48
"6750",758,48
"6751",3383,49
"6752",9187,49
"6753",7441,49
"6754",9404,49
"6755",1849,49
"6756",5404,49
"6757",7030,49
"6758",3786,49
"6759",7596,49
"6760",9006,49
"6761",9715,49
"6762",7087,49
"6763",84,49
"6764",4359,49
"6765",2519,49
"6766",7978,49
"6767",3684,49
"6768",5256,49
"6769",3202,49
"6770",1111,49
"6771",6284,49
"6772",537,49
"6773",6442,49
"6774",5418,49
"6775",8069,49
"6776",465,49
"6777",10335,49
"6778",226,49
"6779",6098,49
"6780",5742,49
"6781",1476,49
"6782",9461,49
"6783",8202,49
"6784",5752,49
"6785",5506,49
"6786",8464,49
"6787",10541,49
"6788",5050,49
"6789",3210,49
"6790",10424,49
"6791",10802,49
"6792",2478,49
"6793",2620,49
"6794",2574,49
"6795",858,49
"6796",2108,49
"6797",9575,49
"6798",2516,49
"6799",3797,49
"6800",2798,49
"6801",2619,49
"6802",3616,49
"6803",7552,49
"6804",8076,49
"6805",5820,49
"6806",3187,49
"6807",4566,49
"6808",2542,49
"6809",7295,49
"6810",10786,49
"6811",4412,49
"6812",3271,49
"6813",10368,49
"6814",7812,49
"6815",4325,49
"6816",8282,49
"6817",5350,49
"6818",3731,49
"6819",9735,49
"6820",6004,49
"6821",6090,49
"6822",9748,49
"6823",6569,49
"6824",3092,49
"6825",3896,49
"6826",3984,49
"6827",4898,49
"6828",5977,49
"6829",2882,49
"6830",9193,49
"6831",8479,49
"6832",2524,49
"6833",2189,49
"6834",8205,49
"6835",10492,49
"6836",8324,49
"6837",5416,49
"6838",816,49
"6839",5490,49
"6840",9369,49
"6841",2608,49
"6842",4943,49
"6843",4169,49
"6844",6362,49
"6845",183,49
"6846",296,49
"6847",1576,49
"6848",5046,49
"6849",4090,49
"6850",2390,49
"6851",7936,49
"6852",6476,49
"6853",6509,49
"6854",6821,49
"6855",5889,49
"6856",6149,49
"6857",544,49
"6858",5855,49
"6859",9864,49
"6860",4174,49
"6861",1214,49
"6862",8484,49
"6863",8857,49
"6864",5958,49
"6865",4411,49
"6866",4421,50
"6867",3502,50
"6868",2758,50
"6869",6001,50
"6870",8659,50
"6871",469,50
"6872",4304,50
"6873",9136,50
"6874",12,50
"6875",8198,50
"6876",6456,50
"6877",4534,50
"6878",6303,50
"6879",9127,50
"6880",4187,50
"6881",2780,50
"6882",6706,50
"6883",10810,50
"6884",6388,50
"6885",7686,50
"6886",8086,50
"6887",8772,50
"6888",8302,50
"6889",146,50
"6890",2838,50
"6891",2695,50
"6892",5072,50
"6893",1921,50
"6894",5372,50
"6895",5924,50
"6896",3597,50
"6897",8248,50
"6898",4055,50
"6899",3964,50
"6900",8515,50
"6901",4458,50
"6902",7613,50
"6903",8255,50
"6904",5549,50
"6905",562,50
"6906",3012,50
"6907",4580,50
"6908",5320,50
"6909",1114,50
"6910",7432,50
"6911",5184,50
"6912",3399,50
"6913",77,50
"6914",3255,50
"6915",9673,50
"6916",2729,50
"6917",4044,50
"6918",3246,50
"6919",3787,50
"6920",5230,50
"6921",2204,50
"6922",566,50
"6923",5995,50
"6924",2626,50
"6925",6854,50
"6926",5541,50
"6927",4026,50
"6928",5880,50
"6929",8789,50
"6930",7762,50
"6931",1614,50
"6932",9262,50
"6933",3285,50
"6934",10029,50
"6935",5526,50
"6936",6374,50
"6937",7523,50
"6938",7660,50
"6939",8422,50
"6940",10301,50
"6941",10791,50
"6942",10634,50
"6943",406,50
"6944",690,50
"6945",2208,50
"6946",6582,50
"6947",6794,50
"6948",5706,50
"6949",3325,50
"6950",6653,50
"6951",3796,50
"6952",6880,50
"6953",4461,50
"6954",10193,50
"6955",6560,50
"6956",8432,50
"6957",9940,50
"6958",1247,50
"6959",6272,50
"6960",6587,50
"6961",4364,50
"6962",5801,50
"6963",2706,50
"6964",7164,50
"6965",2897,50
"6966",6673,50
"6967",5126,50
"6968",2138,50
"6969",8616,50
"6970",9500,50
"6971",94,50
"6972",3914,50
"6973",5720,50
"6974",7693,50
"6975",9068,50
"6976",6792,50
"6977",5845,50
"6978",8327,50
"6979",6184,50
"6980",2421,50
"6981",1166,50
"6982",8250,50
"6983",1956,50
"6984",6668,50
"6985",5992,50
"6986",4622,50
"6987",766,51
"6988",7376,51
"6989",5618,51
"6990",8538,51
"6991",2958,51
"6992",7694,51
"6993",5282,51
"6994",3692,51
"6995",396,51
"6996",10280,51
"6997",5749,51
"6998",3224,51
"6999",4314,51
"7000",7592,51
"7001",8318,51
"7002",9990,51
"7003",2130,51
"7004",22,51
"7005",440,51
"7006",2284,51
"7007",4703,51
"7008",4920,51
"7009",3261,51
"7010",10073,51
"7011",8228,51
"7012",10731,51
"7013",326,51
"7014",8951,51
"7015",7618,51
"7016",1246,51
"7017",8027,51
"7018",7025,51
"7019",5572,51
"7020",6013,51
"7021",3153,51
"7022",2142,51
"7023",9709,51
"7024",2454,51
"7025",10484,51
"7026",9875,51
"7027",2525,51
"7028",9464,51
"7029",8268,51
"7030",2807,51
"7031",5984,51
"7032",7787,51
"7033",8852,51
"7034",5578,51
"7035",4822,51
"7036",10556,51
"7037",4912,51
"7038",10706,51
"7039",8804,51
"7040",10545,51
"7041",3024,51
"7042",1773,51
"7043",6348,51
"7044",6612,51
"7045",10478,51
"7046",1664,51
"7047",5642,51
"7048",3770,51
"7049",318,51
"7050",7612,51
"7051",7860,51
"7052",3753,51
"7053",6275,51
"7054",9996,51
"7055",7149,51
"7056",6847,51
"7057",8590,51
"7058",397,51
"7059",2532,51
"7060",6828,51
"7061",1992,51
"7062",7834,51
"7063",4474,51
"7064",370,51
"7065",1526,51
"7066",7003,51
"7067",4206,51
"7068",348,51
"7069",10076,51
"7070",6627,51
"7071",7867,51
"7072",978,51
"7073",6968,51
"7074",4814,51
"7075",10357,51
"7076",9724,51
"7077",998,51
"7078",8900,51
"7079",5844,51
"7080",10864,51
"7081",9930,51
"7082",5569,51
"7083",5451,51
"7084",8527,51
"7085",9197,51
"7086",4956,51
"7087",1582,51
"7088",9973,51
"7089",9796,51
"7090",214,51
"7091",2336,51
"7092",9985,51
"7093",7970,51
"7094",4276,51
"7095",2792,51
"7096",10550,51
"7097",7014,51
"7098",7818,51
"7099",8420,51
"7100",1974,51
"7101",6475,51
"7102",6211,51
"7103",2218,51
"7104",8983,51
"7105",8329,51
"7106",132,51
"7107",2126,51
"7108",5232,51
"7109",9118,51
"7110",3768,51
"7111",5076,51
"7112",5718,51
"7113",726,52
"7114",5292,52
"7115",2682,52
"7116",6954,52
"7117",9091,52
"7118",5573,52
"7119",8433,52
"7120",7667,52
"7121",7775,52
"7122",7034,52
"7123",3326,52
"7124",7856,52
"7125",4023,52
"7126",7663,52
"7127",9653,52
"7128",1943,52
"7129",9521,52
"7130",388,52
"7131",1264,52
"7132",1364,52
"7133",5833,52
"7134",3126,52
"7135",5632,52
"7136",2690,52
"7137",7704,52
"7138",7865,52
"7139",367,52
"7140",5301,52
"7141",5893,52
"7142",8592,52
"7143",2137,52
"7144",2022,52
"7145",3606,52
"7146",3934,52
"7147",5608,52
"7148",5884,52
"7149",4319,52
"7150",5047,52
"7151",1338,52
"7152",2629,52
"7153",8442,52
"7154",3156,52
"7155",8150,52
"7156",6293,52
"7157",6622,52
"7158",8357,52
"7159",2680,52
"7160",2623,52
"7161",2378,52
"7162",7240,52
"7163",7266,52
"7164",1439,52
"7165",9036,52
"7166",445,52
"7167",3848,52
"7168",516,52
"7169",9786,52
"7170",1527,52
"7171",3109,52
"7172",6672,52
"7173",4056,52
"7174",9793,52
"7175",7797,52
"7176",6124,52
"7177",3728,52
"7178",7507,52
"7179",3222,52
"7180",7307,52
"7181",2494,52
"7182",10312,52
"7183",3565,52
"7184",954,52
"7185",7848,52
"7186",3924,52
"7187",898,52
"7188",8264,52
"7189",1628,52
"7190",10456,52
"7191",4846,52
"7192",8457,52
"7193",7032,52
"7194",6922,52
"7195",2789,52
"7196",9420,52
"7197",9522,52
"7198",4287,52
"7199",10372,52
"7200",6256,52
"7201",5344,52
"7202",6444,52
"7203",10418,53
"7204",2790,53
"7205",6,53
"7206",8295,53
"7207",5585,53
"7208",6420,53
"7209",4636,53
"7210",3076,53
"7211",7650,53
"7212",1196,53
"7213",7297,53
"7214",8818,53
"7215",9278,53
"7216",4758,53
"7217",7928,53
"7218",4390,53
"7219",10602,53
"7220",3212,53
"7221",8758,53
"7222",3215,53
"7223",7659,53
"7224",3874,53
"7225",2264,53
"7226",9304,53
"7227",6788,53
"7228",4630,53
"7229",5347,53
"7230",4142,53
"7231",3509,53
"7232",6889,53
"7233",8960,53
"7234",3204,53
"7235",4146,53
"7236",4383,53
"7237",9780,53
"7238",9509,53
"7239",984,53
"7240",3672,53
"7241",1537,53
"7242",4835,53
"7243",153,53
"7244",8007,53
"7245",4396,53
"7246",2911,53
"7247",3080,53
"7248",9051,53
"7249",1104,53
"7250",7706,53
"7251",4499,53
"7252",10719,53
"7253",3392,53
"7254",525,53
"7255",5818,53
"7256",4068,53
"7257",7544,53
"7258",9840,53
"7259",973,53
"7260",643,53
"7261",3280,53
"7262",8736,53
"7263",5525,53
"7264",38,53
"7265",9020,53
"7266",1568,53
"7267",4573,53
"7268",929,53
"7269",4802,53
"7270",886,53
"7271",8281,53
"7272",652,53
"7273",548,53
"7274",756,53
"7275",797,53
"7276",746,53
"7277",6619,53
"7278",10847,53
"7279",3160,53
"7280",7939,53
"7281",10468,53
"7282",5201,53
"7283",443,53
"7284",3087,53
"7285",9574,53
"7286",2567,53
"7287",4919,53
"7288",7314,53
"7289",2810,53
"7290",6912,53
"7291",4535,53
"7292",8153,53
"7293",8955,53
"7294",849,53
"7295",2999,53
"7296",4542,53
"7297",5616,53
"7298",5932,53
"7299",10345,53
"7300",5902,53
"7301",1978,53
"7302",10041,54
"7303",1358,54
"7304",6866,54
"7305",7051,54
"7306",2920,54
"7307",3706,54
"7308",9842,54
"7309",2402,54
"7310",6934,54
"7311",5990,54
"7312",7606,54
"7313",10098,54
"7314",7449,54
"7315",6561,54
"7316",4816,54
"7317",8168,54
"7318",2644,54
"7319",3002,54
"7320",4702,54
"7321",8880,54
"7322",9865,54
"7323",1600,54
"7324",7293,54
"7325",7872,54
"7326",10511,54
"7327",8603,54
"7328",10156,54
"7329",6178,54
"7330",7945,54
"7331",616,54
"7332",2098,54
"7333",7112,54
"7334",7930,54
"7335",7409,54
"7336",62,54
"7337",9117,54
"7338",8222,54
"7339",10508,54
"7340",1812,54
"7341",2924,54
"7342",5316,54
"7343",9530,54
"7344",1012,54
"7345",791,54
"7346",6930,54
"7347",2300,54
"7348",4746,54
"7349",10121,54
"7350",8172,54
"7351",2671,54
"7352",3101,54
"7353",5594,54
"7354",8316,54
"7355",5156,54
"7356",10516,54
"7357",5134,54
"7358",10694,54
"7359",7832,54
"7360",4860,54
"7361",1424,54
"7362",7938,54
"7363",916,54
"7364",7800,54
"7365",4680,54
"7366",9586,54
"7367",9250,54
"7368",6062,54
"7369",5590,54
"7370",7324,54
"7371",8738,54
"7372",1341,54
"7373",10589,54
"7374",9502,54
"7375",2222,54
"7376",5816,54
"7377",5832,54
"7378",1347,54
"7379",3638,54
"7380",3154,54
"7381",5294,54
"7382",4438,54
"7383",4705,54
"7384",7960,54
"7385",1872,54
"7386",8696,54
"7387",584,54
"7388",6285,54
"7389",694,54
"7390",4225,54
"7391",4306,54
"7392",569,54
"7393",7326,54
"7394",10308,54
"7395",5223,54
"7396",4144,54
"7397",4235,54
"7398",7806,54
"7399",2692,54
"7400",8089,54
"7401",10415,54
"7402",568,54
"7403",9822,54
"7404",3131,54
"7405",10807,54
"7406",7708,54
"7407",6174,54
"7408",4753,54
"7409",2840,54
"7410",6894,54
"7411",9640,54
"7412",2322,55
"7413",10080,55
"7414",10702,55
"7415",10828,55
"7416",7042,55
"7417",1494,55
"7418",7874,55
"7419",6526,55
"7420",4820,55
"7421",879,55
"7422",614,55
"7423",4150,55
"7424",3760,55
"7425",932,55
"7426",5484,55
"7427",519,55
"7428",432,55
"7429",897,55
"7430",4472,55
"7431",5950,55
"7432",8196,55
"7433",10718,55
"7434",10586,55
"7435",3700,55
"7436",2154,55
"7437",8610,55
"7438",9039,55
"7439",3820,55
"7440",2627,55
"7441",9345,55
"7442",1566,55
"7443",7614,55
"7444",7257,55
"7445",8992,55
"7446",4850,55
"7447",5498,55
"7448",3990,55
"7449",4777,55
"7450",9680,55
"7451",1188,55
"7452",8178,55
"7453",8617,55
"7454",10708,55
"7455",2123,55
"7456",9162,55
"7457",3070,55
"7458",4088,55
"7459",8570,55
"7460",7626,55
"7461",5314,55
"7462",3637,55
"7463",9200,55
"7464",6700,55
"7465",1414,55
"7466",6099,55
"7467",1064,55
"7468",1656,55
"7469",1230,55
"7470",1504,55
"7471",1790,55
"7472",8948,55
"7473",8146,55
"7474",9632,55
"7475",2148,55
"7476",2425,55
"7477",5020,55
"7478",5179,55
"7479",3426,55
"7480",10754,55
"7481",1810,55
"7482",9684,55
"7483",6648,55
"7484",9835,55
"7485",4514,55
"7486",702,55
"7487",5093,55
"7488",5087,55
"7489",1360,55
"7490",8278,55
"7491",6604,55
"7492",2172,55
"7493",1319,55
"7494",742,55
"7495",4678,55
"7496",1669,55
"7497",1714,55
"7498",5442,55
"7499",2652,55
"7500",927,55
"7501",3274,55
"7502",6378,55
"7503",4456,55
"7504",126,55
"7505",2864,55
"7506",4223,55
"7507",8024,55
"7508",7777,55
"7509",335,55
"7510",1672,55
"7511",4633,55
"7512",10838,56
"7513",5370,56
"7514",10302,56
"7515",6632,56
"7516",5180,56
"7517",4133,56
"7518",6121,56
"7519",2847,56
"7520",7710,56
"7521",6609,56
"7522",7810,56
"7523",9501,56
"7524",8416,56
"7525",3340,56
"7526",4833,56
"7527",3237,56
"7528",2136,56
"7529",8426,56
"7530",2448,56
"7531",5947,56
"7532",6890,56
"7533",8694,56
"7534",2534,56
"7535",1148,56
"7536",4961,56
"7537",7885,56
"7538",4744,56
"7539",2072,56
"7540",1138,56
"7541",4720,56
"7542",6666,56
"7543",1524,56
"7544",5384,56
"7545",3334,56
"7546",629,56
"7547",188,56
"7548",2288,56
"7549",9772,56
"7550",10858,56
"7551",116,56
"7552",2354,56
"7553",3302,56
"7554",3968,56
"7555",10120,56
"7556",391,56
"7557",1088,56
"7558",10626,56
"7559",10721,56
"7560",607,56
"7561",3828,56
"7562",921,56
"7563",4193,56
"7564",3586,56
"7565",122,56
"7566",4867,56
"7567",4511,56
"7568",10656,56
"7569",8424,56
"7570",7350,56
"7571",2846,56
"7633",8752,57
"7634",2131,57
"7635",1636,57
"7636",6808,57
"7637",1483,57
"7638",4283,57
"7639",4593,57
"7640",5792,57
"7641",1444,57
"7642",6641,57
"7643",286,57
"7644",9267,57
"7645",8328,57
"7646",5584,57
"7647",10784,57
"7648",538,57
"7649",9711,57
"7650",2520,57
"7651",1880,57
"7652",300,57
"7653",4346,57
"7654",6998,57
"7655",2008,57
"7656",6712,57
"7657",3803,57
"7658",3594,57
"7659",2546,57
"7660",9858,57
"7661",6380,57
"7662",7383,57
"7663",4998,57
"7664",7670,57
"7665",6478,57
"7666",2252,57
"7667",6369,57
"7668",3662,57
"7669",426,57
"7670",7069,57
"7671",732,57
"7672",6407,57
"7673",5738,57
"7674",3538,57
"7675",4751,57
"7676",8169,57
"7677",604,57
"7758",4218,58
"7759",5566,58
"7760",7271,58
"7761",6490,58
"7762",8888,58
"7763",2256,58
"7764",5555,58
"7765",9408,58
"7766",681,58
"7767",8861,58
"7768",580,58
"7769",822,58
"7770",2410,58
"7771",7451,58
"7772",1962,58
"7773",4315,58
"7774",2039,58
"7775",6138,58
"7776",7212,58
"7777",5114,58
"7778",9093,58
"7779",6520,58
"7780",3072,58
"7781",712,58
"7857",2748,59
"7858",4137,59
"7859",7079,59
"7860",6208,59
"7861",3567,59
"7862",9129,59
"7863",5501,59
"7864",2416,59
"7865",9204,59
"7866",2091,59
"7867",4643,59
"7868",5648,59
"7869",4089,59
"7870",7546,59
"7871",7216,59
"7872",10551,59
"7873",914,59
"7874",6282,59
"7875",8615,59
"7876",8560,59
"7877",5085,59
"7878",1290,59
"7879",1650,59
"7959",7476,60
"7960",1644,60
"7961",1788,60
"7962",5962,60
"7963",9883,60
"7964",10160,60
"7965",586,60
"7966",3650,60
"7967",2996,60
"7968",6756,60
"7969",667,60
"7970",8236,60
"7971",6493,60
"7972",3562,60
"7973",2841,60
"7974",1968,60
"7975",6265,60
"7976",2290,60
"7977",4436,60
"7978",10149,60
"7979",8266,60
"7980",4692,60
"7981",3517,60
"7982",9976,60
"7983",8600,60
"7984",413,60
"7985",10448,60
"8070",6899,61
"8071",5310,61
"8072",8544,61
"8073",3918,61
"8074",8386,61
"8075",4882,61
"8076",5073,61
"8077",1954,61
"8078",9762,61
"8079",5447,61
"8080",9798,61
